Gene_Name	Count	log2FoldChange	URL
Mapk12	3	-0.284827314773605	https://davidbioinformatics.nih.gov/api.jsp?type=ENTREZ_GENE_ID&ids=29857&tool=geneReport
Pif1	3	-0.47334786514852994	https://davidbioinformatics.nih.gov/api.jsp?type=ENTREZ_GENE_ID&ids=208084&tool=geneReport
Sik1	3	0.321993195411017	https://davidbioinformatics.nih.gov/api.jsp?type=ENTREZ_GENE_ID&ids=17691&tool=geneReport
Lars2	2	0.854192780937368	https://davidbioinformatics.nih.gov/api.jsp?type=ENTREZ_GENE_ID&ids=102436&tool=geneReport
Nr4a1	2	0.432546517025328	https://davidbioinformatics.nih.gov/api.jsp?type=ENTREZ_GENE_ID&ids=15370&tool=geneReport
Egr2	2	0.599209471263157	https://davidbioinformatics.nih.gov/api.jsp?type=ENTREZ_GENE_ID&ids=13654&tool=geneReport
Xrcc3	2	-0.289596924926362	https://davidbioinformatics.nih.gov/api.jsp?type=ENTREZ_GENE_ID&ids=74335&tool=geneReport
Mapkapk5	2	-0.309150428278794	https://davidbioinformatics.nih.gov/api.jsp?type=ENTREZ_GENE_ID&ids=17165&tool=geneReport
Abcc6	2	-0.31945364208219	https://davidbioinformatics.nih.gov/api.jsp?type=ENTREZ_GENE_ID&ids=27421&tool=geneReport
Myh6	2	-0.332546851524488	https://davidbioinformatics.nih.gov/api.jsp?type=ENTREZ_GENE_ID&ids=17888&tool=geneReport
Pkn3	2	-0.379727759761177	https://davidbioinformatics.nih.gov/api.jsp?type=ENTREZ_GENE_ID&ids=263803&tool=geneReport
